{"cameraMode":{"drawMode":0,"name":"Shaded","section":"Shading Mode"},"sceneLighting":true,"audioPlay":false,"sceneViewState":{"showFog":true,"showMaterialUpdate":true,"showSkybox":true,"showFlares":true,"showImageEffects":true,"showParticleSystems":true},"in2DMode":false,"pivot":{"x":0.0,"y":39.66999816894531,"z":-30.889999389648439},"rotation":{"x":0.22263924777507783,"y":0.4789375364780426,"z":-0.1270168572664261,"w":0.8395935297012329},"size":20.064550399780275,"orthographic":false}